[{"D:\\FE-Test\\js\\jquery-1.12.4.min.js": "ASCII"}, {"D:\\FE-Test\\sass\\style.scss": "ASCII"}, {"D:\\FE-Test\\css\\reset.css": "ASCII"}, {"D:\\FE-Test\\css\\reset.css.map": "ASCII"}, {"D:\\FE-Test\\sass\\reset.scss": "ASCII"}, {"D:\\FE-Test\\sass\\layout.scss": "ASCII"}, {"D:\\FE-Test\\css\\layout.css": "ASCII"}, {"C:\\Users\\FE\\Documents\\My_personal\\micro\\web\\css\\font.css": "ASCII"}, {"C:\\Users\\FE\\Documents\\My_personal\\micro\\web\\js\\common.js": "UTF-8"}, {"C:\\Users\\FE\\Documents\\My_personal\\micro\\web\\index2.html": "UTF-8"}, {"C:\\Users\\FE\\Documents\\My_personal\\micro\\web\\js\\_main.js": "ASCII"}, {"C:\\Users\\FE\\Documents\\My_personal\\micro\\web\\js\\smoothwheel.js": "ASCII"}, {"C:\\Users\\FE\\Documents\\My_personal\\micro\\web\\js\\imagesloaded.js": "ASCII"}, {"C:\\Users\\FE\\Documents\\My_personal\\micro\\web\\js\\Detectizr.js": "ASCII"}, {"C:\\Users\\FE\\Documents\\My_personal\\micro\\web\\js\\Modernizr.js": "ASCII"}, {"C:\\Users\\FE\\Documents\\My_personal\\micro\\web\\css\\main.css": "ASCII"}, {"C:\\Users\\FE\\Downloads\\simple-parallax-scrolling-tutorial-f1207\\simple-parallax-scrolling-tutorial-f\\css\\normalize.css": "ASCII"}, {"C:\\Users\\FE\\Downloads\\simple-parallax-scrolling-tutorial-f1207\\simple-parallax-scrolling-tutorial-f\\css\\main.css": "ASCII"}, {"C:\\Users\\FE\\Downloads\\simple-parallax-scrolling-tutorial-f1207\\simple-parallax-scrolling-tutorial-f\\index.html": "ASCII"}, {"C:\\Users\\FE\\Documents\\My_personal\\micro\\web\\js\\parallax.js": "ASCII"}, {"C:\\Users\\FE\\Documents\\My_personal\\micro\\web\\sass\\sprite.scss": "UTF-8"}, {"C:\\Users\\FE\\Documents\\My_personal\\micro\\web\\css\\style.css": "ASCII"}, {"C:\\Users\\FE\\Documents\\My_personal\\micro\\config.rb": "UTF-8"}, {"C:\\Users\\FE\\Documents\\My_personal\\micro\\web\\index.html": "UTF-8"}, {"C:\\Users\\FE\\Documents\\My_personal\\micro\\study01.html": "ASCII"}, {"C:\\Users\\FE\\Documents\\My_personal\\micro\\reset.css": "ASCII"}, {"D:\\workspace\\2016_Seoulurc.portal\\src\\main\\webapp\\WEB-INF\\jsp\\admin_a\\include\\dtd.jsp": "ASCII"}, {"D:\\workspace\\2016_Seoulurc.portal\\src\\main\\webapp\\WEB-INF\\jsp\\admin_a\\include\\contents.jsp": "ASCII"}, {"D:\\workspace\\2016_Seoulurc.portal\\src\\main\\webapp\\WEB-INF\\jsp\\admin_a\\index.jsp": "ASCII"}, {"D:\\workspace\\2016_Seoulurc.portal\\src\\main\\webapp\\sass\\reset.scss": "UTF-8"}, {"D:\\workspace\\2016_Seoulurc.portal\\src\\main\\webapp\\WEB-INF\\jsp\\surc\\html\\list\\view01.jsp": "UTF-8"}, {"D:\\workspace\\2016_Seoulurc.portal\\src\\main\\webapp\\WEB-INF\\jsp\\surc\\main.jsp": "UTF-8"}, {"D:\\workspace\\2016_Micro.portal\\src\\main\\webapp\\WEB-INF\\jsp\\include\\header.jsp": "ASCII"}, {"D:\\workspace\\2016_Seoulurc.portal\\src\\main\\webapp\\js\\vendor\\jquery.bxslider.js": "ASCII"}, {"D:\\workspace\\2016_Seoulurc.portal\\src\\main\\webapp\\sass\\guide01.scss": "ASCII"}, {"C:\\Users\\FE\\Downloads\\index.jsp": "ASCII"}, {"D:\\workspace\\2016_Seoulurc.portal\\src\\main\\webapp\\css\\common.css": "UTF-8"}, {"D:\\workspace\\2016_Seoulurc.portal\\src\\main\\webapp\\sass\\area.scss": "UTF-8"}, {"D:\\workspace\\2016_Seoulurc.portal\\src\\main\\webapp\\sass\\common.scss": "ASCII"}, {"D:\\workspace\\2016_Seoulurc.portal\\src\\main\\webapp\\WEB-INF\\jsp\\include\\header.jsp": "UTF-8"}, {"D:\\workspace\\2016_Seoulurc.portal\\src\\main\\webapp\\WEB-INF\\jsp\\include\\dtd.jsp": "UTF-8"}, {"D:\\workspace\\2016_Seoulurc.portal\\src\\main\\webapp\\WEB-INF\\jsp\\surc\\news\\schduleList.jsp": "UTF-8"}, {"D:\\workspace\\2016_Seoulurc.portal\\src\\main\\webapp\\WEB-INF\\jsp\\surc\\archive\\newsView.jsp": "UTF-8"}, {"D:\\FE-Test\\css\\sprite.css": "ASCII"}, {"D:\\FE-Test\\css\\style.css": "ASCII"}, {"D:\\FE-Test\\sass\\include.scss": "ASCII"}, {"D:\\FE-Test\\css\\style.css.map": "ASCII"}, {"D:\\FE-Test\\css\\layout.css.map": "ASCII"}, {"D:\\FE-Test\\css\\include.css.map": "ASCII"}, {"D:\\FE-Test\\css\\include.css": "ASCII"}, {"D:\\FE-Test\\config.rb": "ASCII"}, {"D:\\eclipse_eGov_3.5\\eclipse.ini": "ASCII"}, {"C:\\Users\\FE\\Downloads\\NanumSquareOTFB\\NanumSquareOTFB\\font.css": "ASCII"}, {"D:\\workspace\\2016_Seoulurc.portal\\src\\main\\webapp\\WEB-INF\\jsp\\surc\\propProgress\\businessSubArea.jsp": "UTF-8"}, {"D:\\workspace\\2016_Seoulurc.portal\\src\\main\\webapp\\WEB-INF\\jsp\\surc\\propProgress\\businessAreaInfo.jsp": "UTF-8"}, {"C:\\Users\\FE\\Downloads\\gridpak\\demo\\index.html": "ASCII"}, {"C:\\Users\\FE\\Downloads\\gridpak\\demo\\gridpak.demo.scss": "ASCII"}, {"D:\\workspace\\2016_Micro.portal\\src\\main\\webapp\\index.jsp": "ASCII"}, {"D:\\workspace\\2016_Micro.portal\\.springBeans": "ASCII"}, {"D:\\workspace\\2016_Micro.portal\\.project": "ASCII"}, {"D:\\workspace\\2016_Micro.portal\\.classpath": "ASCII"}, {"D:\\workspace\\2016_Seoulurc.portal\\src\\main\\webapp\\WEB-INF\\jsp\\surc\\html\\node_modules\\cheerio\\lib\\api\\traversing.js": "ASCII"}, {"C:\\Users\\FE\\Desktop\\test.html": "ASCII"}, {"D:\\workspace\\2016_Seoulurc.portal\\src\\main\\webapp\\WEB-INF\\jsp\\area\\main.jsp": "UTF-8"}, {"D:\\repositorywc\\LH\\html\\web\\js\\main.js": "ASCII"}, {"D:\\workspace\\2016_Seoulurc.portal\\src\\main\\webapp\\js\\fe_main.js": "ASCII"}, {"D:\\workspace\\2016_Seoulurc.portal\\src\\main\\webapp\\sass\\sprite.scss": "UTF-8"}, {"D:\\workspace\\2016_Seoulurc.portal\\src\\main\\webapp\\css\\areaCommon.css.map": "ASCII"}, {"D:\\workspace\\2016_Seoulurc.portal\\src\\main\\webapp\\WEB-INF\\jsp\\area\\include\\footer.jsp": "UTF-8"}, {"D:\\workspace\\2016_Seoulurc.portal\\src\\main\\webapp\\WEB-INF\\jsp\\area\\include\\dtd.jsp": "UTF-8"}, {"D:\\workspace\\2016_Seoulurc.portal\\src\\main\\webapp\\WEB-INF\\jsp\\area\\include\\header.jsp": "UTF-8"}, {"C:\\Users\\FE\\Desktop\\sample.scss": "UTF-8"}, {"C:\\Users\\FE\\Desktop\\\uc0c8 \ud14d\uc2a4\ud2b8 \ubb38\uc11c.txt": "EUC-KR"}, {"D:\\workspace\\2016_Seoulurc.portal\\src\\main\\webapp\\WEB-INF\\jsp\\surc\\news\\noticeList.jsp": "UTF-8"}, {"D:\\workspace\\2016_Seoulurc.portal\\src\\main\\webapp\\sass\\guide.scss": "UTF-8"}, {"D:\\workspace\\2016_Seoulurc.portal\\src\\main\\webapp\\WEB-INF\\jsp\\surc\\html\\list\\write01.jsp": "UTF-8"}, {"D:\\workspace\\2016_Seoulurc.portal\\src\\main\\webapp\\sass\\areaCommon.scss": "ASCII"}, {"D:\\workspace\\2016_Seoulurc.portal\\src\\main\\webapp\\css\\layout.css": "ASCII"}, {"D:\\workspace\\2016_Seoulurc.portal\\src\\main\\webapp\\css\\layout.css.map": "ASCII"}, {"D:\\workspace\\2016_Seoulurc.portal\\src\\main\\webapp\\css\\sprite.css.map": "ASCII"}, {"D:\\workspace\\2016_Seoulurc.portal\\src\\main\\webapp\\css\\area.css.map": "ASCII"}, {"D:\\workspace\\2016_Seoulurc.portal\\src\\main\\webapp\\sass\\layout.scss": "ASCII"}, {"D:\\workspace\\2016_Seoulurc.portal\\src\\main\\webapp\\sass\\areaMainPage.scss": "ASCII"}, {"D:\\workspace\\2016_Seoulurc.portal\\src\\main\\webapp\\css\\areaMainPage.css": "ASCII"}, {"D:\\workspace\\2016_Seoulurc.portal\\src\\main\\webapp\\css\\main.css": "ASCII"}, {"D:\\workspace\\2016_Seoulurc.portal\\src\\main\\webapp\\sass\\main.scss": "ASCII"}, {"D:\\workspace\\2016_Seoulurc.portal\\src\\main\\webapp\\WEB-INF\\jsp\\surc\\html\\@index.html": "ASCII"}, {"D:\\workspace\\2016_Seoulurc.portal\\src\\main\\webapp\\css\\areaMainPage.css.map": "ASCII"}, {"D:\\workspace\\2016_Seoulurc.portal\\src\\main\\webapp\\WEB-INF\\jsp\\area\\index.jsp": "ASCII"}, {"D:\\mediazen works\\seoul_2016\\web\\sass\\area_main.scss": "ASCII"}, {"D:\\mediazen works\\seoul_2016\\config.rb": "UTF-8"}, {"D:\\mediazen works\\seoul_2016\\web\\area_index.html": "UTF-8"}, {"D:\\mediazen works\\seoul_2016\\web\\sass\\sprite.scss": "UTF-8"}, {"D:\\mediazen works\\seoul_2016\\web\\js\\jquery.bxslider.css": "ASCII"}, {"D:\\mediazen works\\seoul_2016\\web\\sass\\reset.scss": "UTF-8"}, {"D:\\mediazen works\\seoul_2016\\web\\index.html": "UTF-8"}, {"D:\\mediazen works\\seoul_2016\\web\\sass\\layout.scss": "ASCII"}, {"D:\\mediazen works\\seoul_2016\\web\\css\\main.css": "ASCII"}, {"D:\\mediazen works\\seoul_2016\\web\\sass\\main.scss": "ASCII"}, {"D:\\workspace\\2016_Seoulurc.portal\\src\\main\\webapp\\WEB-INF\\jsp\\surc\\html\\list\\list04.jsp": "UTF-8"}]