[{"D:\\workspace\\workspace-sos\\2015_Software.portal\\src\\main\\webapp\\WEB-INF\\jsp\\mb\\test\\index.jsp": "UTF-8"}, {"D:\\workspace\\workspace-sos\\2015_Software.portal\\src\\main\\webapp\\WEB-INF\\jsp\\mb\\test\\css\\style.css": "UTF-8"}, {"D:\\workspace\\workspace-sos\\2015_Software.portal\\src\\main\\webapp\\WEB-INF\\jsp\\mb\\test\\css\\main.css": "ASCII"}, {"D:\\workspace\\workspace-sos\\2015_Software.portal\\src\\main\\webapp\\WEB-INF\\jsp\\mb\\test\\css\\include.css": "ASCII"}, {"D:\\workspace\\workspace-sos\\2015_Software.portal\\src\\main\\webapp\\WEB-INF\\jsp\\mb\\test\\index.html": "UTF-8"}, {"D:\\test\\fs\\web\\sass\\guide.scss": "UTF-8"}, {"D:\\test\\fs\\web\\css\\main.css": "ASCII"}, {"D:\\test\\fs\\web\\css\\style.css": "ASCII"}, {"D:\\test\\fs\\web\\sass\\reset.scss": "ASCII"}, {"D:\\test\\fs\\web\\index.html": "UTF-8"}, {"C:\\Users\\jimin01\\AppData\\Roaming\\Sublime Text 3\\Packages\\User\\Default (Windows).sublime-keymap": "UTF-8"}, {"C:\\Users\\jimin01\\AppData\\Roaming\\Sublime Text 3\\Packages\\User\\REM-PX.sublime-settings": "ASCII"}, {"D:\\test\\fs\\web\\sass\\main.scss": "ASCII"}, {"D:\\test\\fs\\web\\sass\\style.scss": "ASCII"}, {"D:\\test\\fs\\web\\css\\include.css": "ASCII"}, {"D:\\workspace\\workspace-sos\\2015_Software.portal\\src\\main\\webapp\\WEB-INF\\jsp\\mb\\sample\\@um05test.jsp": "UTF-8"}, {"D:\\workspace\\workspace-sos\\2015_Software.portal\\src\\main\\webapp\\WEB-INF\\jsp\\mb\\um02\\um0205\\um020501.jsp": "UTF-8"}, {"D:\\test\\fs\\config.rb": "UTF-8"}, {"C:\\Users\\jimin01\\AppData\\Roaming\\Sublime Text 3\\Packages\\User\\View In Browser.sublime-settings": "ASCII"}, {"D:\\test\\fs\\web\\sass\\sprite.scss": "UTF-8"}, {"D:\\test\\fs\\package.json": "ASCII"}, {"D:\\test\\fs\\fs.js": "ASCII"}, {"D:\\test\\fs\\web\\@template\\@spriteTemplate.html": "ASCII"}, {"D:\\test\\fs\\web\\css\\style.css.map": "ASCII"}, {"D:\\test\\fs\\web\\css\\sprite.css.map": "ASCII"}, {"D:\\test\\fs\\web\\css\\reset.css.map": "ASCII"}, {"D:\\test\\fs\\web\\css\\guide.css.map": "ASCII"}, {"D:\\test\\fs\\web\\css\\sprite.css": "ASCII"}, {"D:\\test\\fs\\web\\@guide\\@guide_sprite.html": "ASCII"}, {"D:\\test\\fs\\web\\@guide\\@guide_text.html": "ASCII"}, {"D:\\test\\fs\\web\\css\\guide.css": "ASCII"}, {"D:\\test\\fs\\web\\css\\reset.css": "ASCII"}, {"D:\\git\\mz-project\\src\\scss\\style.scss": "UTF-8"}, {"D:\\test\\fs\\web\\css\\matey01.css.map": "ASCII"}, {"D:\\test\\fs\\web\\css\\matey01.css": "ASCII"}, {"D:\\test\\fs\\web\\css\\main.css.map": "ASCII"}, {"D:\\test\\fs\\web\\sass\\matey01.scss": "ASCII"}, {"D:\\test\\fs\\@guide_sprite.html": "ASCII"}, {"D:\\workspace\\workspace-deadong\\2014_daedong\\src\\main\\webapp\\WEB-INF\\jsp\\product\\combine\\DSM72series.jsp": "UTF-8"}, {"D:\\workspace\\workspace-deadong\\2014_daedong\\src\\main\\webapp\\WEB-INF\\jsp\\product\\stock\\UDseries.jsp": "UTF-8"}, {"D:\\workspace\\workspace-deadong\\2014_daedong\\src\\main\\webapp\\WEB-INF\\jsp\\product\\stock\\UGseries.jsp": "UTF-8"}, {"D:\\workspace\\workspace-deadong\\2014_daedong\\src\\main\\webapp\\WEB-INF\\jsp\\product\\attachments\\rotary.jsp": "UTF-8"}, {"D:\\workspace\\workspace-deadong\\2014_daedong\\src\\main\\webapp\\WEB-INF\\jsp\\product\\tiller\\DTseries.jsp": "UTF-8"}, {"D:\\workspace\\workspace-deadong\\2014_daedong\\src\\main\\webapp\\WEB-INF\\jsp\\product\\transplanter\\ERPseries.jsp": "UTF-8"}, {"D:\\workspace\\workspace-deadong\\2014_daedong\\src\\main\\webapp\\WEB-INF\\jsp\\product\\combine\\DXM110series.jsp": "UTF-8"}, {"D:\\workspace\\workspace-deadong\\2014_daedong\\src\\main\\webapp\\WEB-INF\\jsp\\product\\combine\\DXM85series.jsp": "UTF-8"}, {"D:\\workspace\\workspace-deadong\\2014_daedong\\src\\main\\webapp\\WEB-INF\\jsp\\product\\tractor\\CTseries.jsp": "UTF-8"}, {"D:\\workspace\\workspace-deadong\\2014_daedong\\src\\main\\webapp\\WEB-INF\\jsp\\product\\tractor\\John6Rseries.jsp": "UTF-8"}, {"D:\\workspace\\workspace-deadong\\2014_daedong\\src\\main\\webapp\\WEB-INF\\jsp\\product\\tractor\\PXseries.jsp": "UTF-8"}, {"D:\\workspace\\workspace-deadong\\2014_daedong\\src\\main\\webapp\\WEB-INF\\jsp\\product\\tractor\\RXseries.jsp": "UTF-8"}, {"D:\\workspace\\workspace-deadong\\2014_daedong\\src\\main\\webapp\\WEB-INF\\jsp\\product\\tractor\\NXseries.jsp": "UTF-8"}, {"D:\\workspace\\workspace-deadong\\2014_daedong\\src\\main\\webapp\\WEB-INF\\jsp\\product\\tractor\\Dkseries.jsp": "UTF-8"}, {"D:\\workspace\\workspace-deadong\\2014_daedong\\src\\main\\webapp\\WEB-INF\\jsp\\product\\tractor\\CKseries.jsp": "UTF-8"}, {"D:\\workspace\\workspace-deadong\\2014_daedong\\src\\main\\webapp\\WEB-INF\\jsp\\service\\support\\price.jsp": "UTF-8"}, {"D:\\workspace\\workspace-sos\\2015_Software.portal\\src\\main\\webapp\\WEB-INF\\jsp\\um\\um07\\um0707\\um070701\\um070701List.jsp": "UTF-8"}, {"D:\\workspace\\workspace-sos\\2015_Software.portal\\src\\main\\webapp\\WEB-INF\\jsp\\um\\um07\\um0705\\um070501\\um070501.jsp": "UTF-8"}, {"D:\\workspace\\workspace-sos\\2015_Software.portal\\src\\main\\webapp\\WEB-INF\\jsp\\um\\um07\\um0701.jsp": "UTF-8"}, {"D:\\workspace\\workspace-sos\\2015_Software.portal\\src\\main\\webapp\\WEB-INF\\jsp\\um\\um07\\um0707\\um070704\\um070704.jsp": "UTF-8"}, {"D:\\workspace\\workspace-sos\\2015_Software.portal\\src\\main\\webapp\\WEB-INF\\jsp\\um\\um07\\um0707\\um070703\\um07070301List.jsp": "UTF-8"}, {"D:\\workspace\\workspace-sos\\2015_Software.portal\\src\\main\\webapp\\WEB-INF\\jsp\\um\\um07\\um0707\\um070702\\um07070205List.jsp": "UTF-8"}, {"D:\\workspace\\workspace-sos\\2015_Software.portal\\src\\main\\webapp\\WEB-INF\\jsp\\um\\um07\\um0707\\um070702\\um07070202.jsp": "UTF-8"}, {"D:\\workspace\\workspace-sos\\2015_Software.portal\\src\\main\\webapp\\WEB-INF\\jsp\\um\\um07\\um0707\\um070702\\um07070201List.jsp": "UTF-8"}, {"D:\\workspace\\workspace-sos\\2015_Software.portal\\src\\main\\webapp\\WEB-INF\\jsp\\um\\um07\\um0707\\um070701\\um070701View.jsp": "UTF-8"}, {"D:\\workspace\\workspace-sos\\2015_Software.portal\\src\\main\\webapp\\sass\\_a_style.scss": "UTF-8"}, {"D:\\workspace\\workspace-sos\\2015_Software.portal\\src\\main\\webapp\\sass\\_b_style.scss": "UTF-8"}, {"D:\\workspace\\workspace-sos\\2015_Software.portal\\src\\main\\webapp\\WEB-INF\\jsp\\um\\um07\\um0707\\um0707Gate.jsp": "UTF-8"}, {"D:\\workspace\\workspace-sos\\2015_Software.portal\\src\\main\\webapp\\sass\\_c_guide.scss": "UTF-8"}, {"D:\\workspace\\workspace-sos\\2015_Software.portal\\src\\main\\webapp\\WEB-INF\\jsp\\um\\@sample\\@guide.jsp": "UTF-8"}, {"D:\\workspace\\workspace-sos\\2015_Software.portal\\src\\main\\webapp\\WEB-INF\\jsp\\um\\um07\\um07Gate.jsp": "UTF-8"}, {"D:\\workspace\\workspace-sos\\2015_Software.portal\\src\\main\\webapp\\WEB-INF\\jsp\\um\\main.jsp": "UTF-8"}, {"D:\\workspace\\workspace-sos\\2015_Software.portal\\src\\main\\webapp\\mb\\sass\\_b_guide.scss": "UTF-8"}, {"D:\\workspace\\workspace-sos\\2015_Software.portal\\src\\main\\webapp\\sass\\_b_guide.scss": "UTF-8"}, {"D:\\workspace\\workspace-sos\\2015_Software.portal\\src\\main\\webapp\\WEB-INF\\jsp\\mb\\um06\\um0603\\um0603List.jsp": "UTF-8"}, {"D:\\workspace\\workspace-sos\\2015_Software.portal\\src\\main\\webapp\\WEB-INF\\jsp\\um\\um06\\um0603\\um0603List.jsp": "UTF-8"}, {"D:\\test\\fs\\guide_sprite.html": "ASCII"}, {"D:\\test\\fs\\web\\@guide_sprite.html": "ASCII"}, {"D:\\test\\fs\\web\\template\\spriteTemplate.html": "ASCII"}, {"D:\\workspace\\workspace-sos\\2015_Software.portal\\src\\main\\webapp\\WEB-INF\\jsp\\um\\um03\\um0302\\um0302Gate.jsp": "UTF-8"}, {"D:\\workspace\\workspace-sos\\2015_Software.portal\\src\\main\\webapp\\sass\\_a_global.scss": "UTF-8"}, {"D:\\workspace\\workspace-sos\\2015_Software.portal\\src\\main\\webapp\\js\\main.js": "UTF-8"}, {"D:\\workspace\\workspace-sos\\2015_Software.portal\\src\\main\\webapp\\WEB-INF\\jsp\\um\\um01\\um0104\\campBanner.jsp": "UTF-8"}, {"D:\\workspace\\workspace-sos\\2015_Software.portal\\src\\main\\webapp\\WEB-INF\\jsp\\um\\um01\\um0104\\um010401.jsp": "UTF-8"}, {"D:\\workspace\\workspace-sos\\2015_Software.portal\\src\\main\\webapp\\WEB-INF\\jsp\\um\\mainpopup.jsp": "UTF-8"}, {"D:\\workspace\\workspace-sos\\2015_Software.portal\\src\\main\\webapp\\mb\\js\\main.js": "UTF-8"}, {"D:\\workspace\\workspace-sos\\2015_Software.portal\\src\\main\\webapp\\mb\\sass\\_b_style.scss": "UTF-8"}, {"D:\\workspace\\workspace-sos\\2015_Software.portal\\src\\main\\webapp\\WEB-INF\\jsp\\mb\\main\\main.jsp": "UTF-8"}, {"D:\\workspace\\workspace-sos\\2015_Software.portal\\src\\main\\webapp\\WEB-INF\\jsp\\um\\umPopImg.jsp": "UTF-8"}, {"D:\\workspace\\workspace-sos\\2015_Software.portal\\src\\main\\webapp\\WEB-INF\\jsp\\operation\\include\\comm_include.jsp": "ASCII"}, {"D:\\workspace\\workspace-sos\\2015_Software.portal\\src\\main\\webapp\\WEB-INF\\jsp\\operation\\include\\dtd.jsp": "ASCII"}, {"D:\\workspace\\workspace-sos\\2015_Software.portal\\src\\main\\webapp\\WEB-INF\\jsp\\operation\\board\\boardList.jsp": "UTF-8"}, {"D:\\workspace\\workspace-sos\\2015_Software.portal\\src\\main\\webapp\\WEB-INF\\jsp\\um\\um10.html.jsp": "UTF-8"}, {"D:\\workspace\\workspace-sos\\2015_Software.portal\\src\\main\\webapp\\WEB-INF\\jsp\\include\\footer.jsp": "UTF-8"}, {"D:\\workspace\\workspace-sos\\2015_Software.portal\\src\\main\\webapp\\WEB-INF\\jsp\\include\\ie8.jsp": "UTF-8"}, {"D:\\workspace\\workspace-sos\\2015_Software.portal\\src\\main\\webapp\\WEB-INF\\jsp\\include\\dtd.jsp": "UTF-8"}, {"D:\\workspace\\workspace-sos\\2015_Software.portal\\src\\main\\webapp\\WEB-INF\\jsp\\um\\main.html.jsp": "UTF-8"}, {"D:\\workspace\\workspace-sos\\2015_Software.portal\\src\\main\\webapp\\WEB-INF\\jsp\\um\\umPopTxt.jsp": "UTF-8"}, {"D:\\workspace\\workspace-sos\\2015_Software.portal\\src\\main\\webapp\\WEB-INF\\jsp\\um\\um01\\um0104\\tab.jsp": "UTF-8"}, {"D:\\workspace\\workspace-sos\\2015_Software.portal\\src\\main\\webapp\\WEB-INF\\jsp\\um\\um01\\um0108\\tab.jsp": "UTF-8"}, {"D:\\workspace\\workspace-sos\\2015_Software.portal\\src\\main\\webapp\\WEB-INF\\jsp\\um\\um01\\um0108\\um010802\\um01080201.jsp": "UTF-8"}, {"D:\\workspace\\workspace-sos\\2015_Software.portal\\src\\main\\webapp\\mb\\sass\\_a_style.scss": "UTF-8"}]